topic_id, topic_terms
0, 0.004*增长 + 0.004*数字化 + 0.004*Windows + 0.003*致力于 + 0.003*支持 + 0.003*安全意识 + 0.003*补充 + 0.003*管理 + 0.003*引擎 + 0.003*管道
1, 0.004*发展 + 0.004*批发 + 0.004*流程 + 0.004*小铺 + 0.004*野外 + 0.004*实际 + 0.004*前端 + 0.004*竖版 + 0.003*控制系统 + 0.003*JAVA
2, 0.004*围绕 + 0.004*传媒 + 0.004*建设 + 0.004*打通 + 0.004*用户 + 0.004*追求 + 0.003*个性 + 0.003*系统 + 0.003*最 + 0.003*便捷
3, 0.004*共 + 0.003*专属 + 0.003*成新 + 0.003*金额 + 0.003*传媒 + 0.003*安全性 + 0.003*装备 + 0.003*复杂 + 0.003*案例 + 0.003*茶叶
4, 0.005*用于 + 0.004*减少 + 0.004*异地 + 0.004*上门 + 0.004*房车 + 0.003*超级 + 0.003*需 + 0.003*搬家 + 0.003*零 + 0.003*程序开发
5, 0.006*抢单 + 0.004*API + 0.004*门户网站 + 0.004*教学 + 0.004*SmartOps + 0.003*小程序 + 0.003*婚庆 + 0.003*机位 + 0.003*设计 + 0.003*客户
6, 0.005*测试 + 0.004*控制系统 + 0.004*众多 + 0.004*时代 + 0.003*OOBC + 0.003*场商域 + 0.003*内部 + 0.003*支付 + 0.003*填充 + 0.003*存通治用
7, 0.005*无人 + 0.004*设计师 + 0.004*满足 + 0.004*伸缩 + 0.004*标准 + 0.004*线下 + 0.003*主小 + 0.003*打造 + 0.003*公益 + 0.003*系统配置
8, 0.005*城 + 0.004*助您 + 0.004*产品销售 + 0.004*医疗 + 0.004*声量 + 0.004*家 + 0.003*PaaS + 0.003*WebAR + 0.003*更 + 0.003*AI
9, 0.004*剪短 + 0.004*phpnetasp + 0.004*予以 + 0.003*收录 + 0.003*客服 + 0.003*图文 + 0.003*抽奖 + 0.003*架构设计 + 0.003*查询 + 0.003*移车
10, 0.004*BBBBC + 0.003*强化 + 0.003*统 + 0.003*指 + 0.003*商品 + 0.003*领域 + 0.003*蓝牙 + 0.003*迁移 + 0.003*车载 + 0.003*开发
11, 0.005*解决 + 0.004*小贷 + 0.004*门槛 + 0.004*试穿 + 0.004*提示 + 0.003*处置 + 0.003*转盘 + 0.003*无缝 + 0.003*易臣 + 0.003*性价比
12, 0.004*保障 + 0.004*手机号 + 0.003*列表 + 0.003*对外 + 0.003*详细信息 + 0.003*工作 + 0.003*服务 + 0.003*标准 + 0.003*网 + 0.003*核销
13, 0.004*奇墨 + 0.004*行业 + 0.003*活体 + 0.003*教培 + 0.003*回传 + 0.003*呼叫 + 0.003*触达 + 0.003*一流 + 0.003*烦恼 + 0.003*服务器
14, 0.005*客服部 + 0.004*服务提供商 + 0.004*PaaS + 0.004*界面 + 0.004*过程 + 0.004*法律 + 0.003*响应 + 0.003*布署 + 0.003*购物 + 0.003*预约
15, 0.003*国家 + 0.003*远程 + 0.003*智能家居 + 0.003*管理 + 0.003*业绩 + 0.003*历史 + 0.003*促活 + 0.003*统 + 0.003*万岳多 + 0.003*公共
16, 0.004*分支机构 + 0.004*应用服务 + 0.003*专业化 + 0.003*风险 + 0.003*扶持 + 0.003*潍鲸 + 0.003*小店 + 0.003*整合营销 + 0.003*顺畅 + 0.003*进行
17, 0.004*群集 + 0.004*布局 + 0.004*展示 + 0.003*房地产 + 0.003*建模 + 0.003*视图 + 0.003*OA + 0.003*亮点 + 0.003*畅鲟 + 0.003*回传
18, 0.004*全 + 0.003*细节 + 0.003*群集 + 0.003*跑腿 + 0.003*集团 + 0.003*陪诊 + 0.003*自主 + 0.003*痛点 + 0.003*微客 + 0.003*无需
19, 0.005*立案 + 0.004*灵活 + 0.004*操作 + 0.004*热线 + 0.003*甲方 + 0.003*本地 + 0.003*话费 + 0.003*致力 + 0.003*咨询业 + 0.003*营销
